Dataset,pred_T,pred_Bf,pred_cost
1,19.41440269116813,76,0.09060933113098156
2,38.07778861095902,71,0.06585814476013178
3,61.18894226933121,97,0.07022096633911132
4,85.16741130933478,100,0.07519962310791017
5,96.37650969859304,138,0.07757594108581548
6,165.85739601838705,170,0.08778836250305186
7,204.44840182476275,238,0.09577943801879897
8,241.5646384262244,313,0.11489440917968771
9,152.7929573568137,209,0.11827423095703148
