{"AMS": 1.2918013727863962, "ADNN": 13.221117598768473}