{"AMS": 2.253613862682294, "ADNN": 10.00006659005183}