{"AMS": 2.1714323416977566, "ADNN": 10.270125604171824}