{"AMS": 2.1106523844785103, "ADNN": 9.193856432239695}