{"AMS": 1.207497270810345, "ADNN": 14.485505400580402}