{"AMS": 1.2739287077485395, "ADNN": 13.597785175450417}