{"AMS": 1.2909535284690326, "ADNN": 14.043843899800274}