{"AMS": 1.2802915427227206, "ADNN": 13.974829052294096}