{"AMS": 0.0003125626224670274, "ADNN": 0.006493819700264262}