{"AMS": 0.00034840754957461695, "ADNN": 0.006760788178872294}