{"AMS": 0.00032132275643466065, "ADNN": 0.007298174413254008}