{"AMS": 2.316885764120988, "ADNN": 9.178483781929096}