{"AMS": 2.3153636779194553, "ADNN": 9.816711823505276}