{"AMS": 2.416766604122645, "ADNN": 9.428442770369355}