{"AMS": 0.9550203832913758, "ADNN": 7.845395577881877}