{"AMS": 0.9078596491507305, "ADNN": 7.346517468417498}