{"AMS": 0.9904165977591075, "ADNN": 7.272913088472145}