{"AMS": 0.07603839275983165, "ADNN": 6.509976482880484}