{"AMS": 0.06743109178078872, "ADNN": 5.968804526305974}