{"AMS": 0.0753368805449031, "ADNN": 6.301914462240259}