{"AMS": 0.07116078907484304, "ADNN": 6.905752325779581}