{"AMS": 0.06788996129103056, "ADNN": 6.152987614670755}