{"AMS": 0.00030713117663625265, "ADNN": 0.006713733221634393}