{"AMS": 0.0003126775222254978, "ADNN": 0.006414441553432444}