{"AMS": 0.9502171646507725, "ADNN": 7.763195590488915}