{"AMS": 0.9526299392885086, "ADNN": 7.734951514027222}